<?xml version="1.0" encoding="ISO-8859-1" ?>
<!DOCTYPE tiles-definitions PUBLIC
       "-//Apache Software Foundation//DTD Tiles Configuration 3.0//EN"
       "http://tiles.apache.org/dtds/tiles-config_3_0.dtd">
<tiles-definitions>
  <definition name="baseLayout" template="/WEB-INF/views/baseLayout.jsp">
    <put-attribute name="header" value="/WEB-INF/views/header.jsp" />
    <put-attribute name="menu" value="/WEB-INF/views/menu.jsp" />
    <put-attribute name="body" value="/WEB-INF/views/body.jsp" />
    <put-attribute name="footer" value="/WEB-INF/views/footer.jsp" />
  </definition>
  
 <!-- (Super admin managed)admin views start -->
  <definition name="superAdminBoard" extends="baseLayout">
  	 <put-attribute name="header" value="/WEB-INF/views/header.jsp" />
    <put-attribute name="menu" value="/WEB-INF/views/menu.jsp" />
    <put-attribute name="body" value="/WEB-INF/views/body.jsp" />
  </definition>
  
  <definition name="adminDataBoard" extends="superAdminBoard">
  	<put-attribute name="body" value="/WEB-INF/views/adminDataBoard.jsp" />
  </definition>
  
   <definition name="adminAddForm" extends="superAdminBoard">
  	<put-attribute name="body" value="/WEB-INF/views/adminAddForm.jsp" />
  </definition>
  
  <definition name="adminUpdateForm" extends="superAdminBoard">
  	<put-attribute name="body" value="/WEB-INF/views/adminUpdateForm.jsp" />
  </definition>
  
  
  <!-- admin views end -->
  
   <!--(Super admin managed) hospital views start -->
   
  <definition name="superAdminBoardWithHospList" extends="superAdminBoard">
  	<put-attribute name="body" value="/WEB-INF/views/superAdminBoardWithHospList.jsp" />
  </definition>
  
  <definition name="hospitalAddForm" extends="superAdminBoard">
  	<put-attribute name="body" value="/WEB-INF/views/hospitalAddForm.jsp" />
  </definition>
  
   <definition name="hospitalUpdateForm" extends="superAdminBoard">
  	<put-attribute name="body" value="/WEB-INF/views/hospitalUpdateForm.jsp" />
  </definition>
</tiles-definitions>
